packet_count,size_mean,size_std,iat_mean,iat_std,duration,bitrate,label,protocol,port
641,604.3338533541341,29.781852607687885,0.0075861078124999995,0.010639763644105946,4.855109,638301.6323629398,TV,TCP,5001
134,606.0,0.0,0.03589877443609022,0.0511730256933355,4.774537,136061.77939347838,TV,TCP,5001
164,606.0,0.0,0.030063380368098157,0.03360492330151528,4.9003309999999995,162248.6317760984,TV,TCP,5001
142,606.0,0.0,0.03457913475177306,0.0389139328130919,4.875658000000001,141194.48082699807,TV,TCP,5001
172,606.0,0.0,0.02890191812865497,0.032257430826847254,4.942228,168720.66606396952,TV,TCP,5001
155,606.0,0.0,0.03232433116883117,0.03527241321247926,4.977947,150953.79681623768,TV,TCP,5001
170,606.0,0.0,0.02939210650887573,0.03175386391789926,4.967265999999999,165918.23349101905,TV,TCP,5001
163,606.0,0.0,0.030321753086419788,0.032946846291883734,4.912124000000006,160872.16039334494,TV,TCP,5001
140,606.0,0.0,0.03516312949640284,0.038897954868070905,4.887674999999994,138863.57010234945,TV,TCP,5001
172,606.0,0.0,0.02868625146198831,0.03274773979917251,4.905349000000001,169989.1281945484,TV,TCP,5001
171,606.0,0.0,0.028948517647058816,0.031049393557632365,4.9212479999999985,168454.8309697053,TV,TCP,5001
163,606.0,0.0,0.030833592592592624,0.03305569966253449,4.995042000000005,158201.67277872722,TV,TCP,5001
163,606.0,0.0,0.030848790123456787,0.03337857486184526,4.997503999999999,158123.73536869607,TV,TCP,5001
171,606.0,0.0,0.02863557058823532,0.03207585311300906,4.868047000000004,170295.80856552933,TV,TCP,5001
168,606.0,0.0,0.0297555688622755,0.03285331010209432,4.969180000000009,163903.09870038892,TV,TCP,5001
168,606.0,0.0,0.029491173652694627,0.033033590474915525,4.925026000000003,165372.5279825933,TV,TCP,5001
167,606.0,0.0,0.029441668674698857,0.0315299819188001,4.88731700000001,165656.53506821807,TV,TCP,5001
150,606.0,0.0,0.03352768456375842,0.03682237575336521,4.995625000000004,145567.37145001866,TV,TCP,5001
175,606.0,0.0,0.028476028735632205,0.03267396169039025,4.954829000000004,171226.89804229356,TV,TCP,5001
173,606.0,0.0,0.02889223837209302,0.0318584096012508,4.969465,168771.48747400375,TV,TCP,5001
163,606.0,0.0,0.030220024691357962,0.03230716683493972,4.89564399999999,161413.69756461083,TV,TCP,5001
170,606.0,0.0,0.029219130177514818,0.03193933991095437,4.938033000000004,166900.46421317948,TV,TCP,5001
171,606.0,0.0,0.029179617647058866,0.031054460226791165,4.960535000000007,167120.68355530174,TV,TCP,5001
158,606.0,0.0,0.03136183439490442,0.03621344819523811,4.923807999999994,155567.39824136134,TV,TCP,5001
516,85.32558139534883,10.222837172516146,0.009416398058252427,0.010549160780811615,4.849444999999999,72631.81663056288,TV,TCP,5001
90,76.04444444444445,7.381525152720602,0.053620606741573026,0.05185492351031932,4.772233999999999,11473.03338436464,TV,TCP,5001
89,71.25842696629213,2.912692448722634,0.055588261363636364,0.03185102321051377,4.891767,10371.712307638529,TV,TCP,5001
97,76.9278350515464,8.010621071563268,0.05076250000000001,0.04077946974632801,4.873200000000001,12249.856357219074,TV,TCP,5001
109,74.55045871559633,5.8724769925570675,0.045734462962962935,0.03504882376042534,4.939321999999997,13161.320521318521,TV,TCP,5001
118,76.10169491525424,4.959821331029663,0.04260109401709403,0.036628637765136945,4.984328000000001,14413.176660926003,TV,TCP,5001
93,71.46236559139786,3.0919915278471275,0.05301955434782612,0.03231982065987059,4.877799000000003,10899.998134404465,TV,TCP,5001
104,73.92307692307692,4.960793026888071,0.04768584466019418,0.03547608164617626,4.9116420000000005,12522.085282274236,TV,TCP,5001
97,75.27835051546391,5.495531958419029,0.05094023958333338,0.042465016802251745,4.8902630000000045,11945.3698093538,TV,TCP,5001
98,72.36734693877551,4.457023247255085,0.05059702061855676,0.0317451969851888,4.907911000000006,11560.111827618703,TV,TCP,5001
119,74.97478991596638,4.972972641050603,0.04233922033898301,0.033152585374841836,4.9960279999999955,14286.549234712069,TV,TCP,5001
102,73.6078431372549,4.962915143390235,0.0487393366336634,0.035810349810771594,4.922673000000003,12201.501095035148,TV,TCP,5001
111,76.55855855855856,7.057913180451223,0.044733227272727306,0.03426715791877307,4.9206550000000036,13816.046847421725,TV,TCP,5001
103,72.64077669902913,3.7619824585048036,0.047704558823529405,0.034271314057488456,4.865864999999999,12301.204410726563,TV,TCP,5001
108,73.62962962962963,3.9828163137096486,0.04643524299065418,0.03385610319883447,4.968570999999997,12803.681380421058,TV,TCP,5001
112,73.78571428571429,3.9942560800045177,0.04437386486486488,0.035035911593647794,4.925499000000002,13422.396390700713,TV,TCP,5001
109,73.74311926605505,3.991743013838429,0.044566509259259215,0.033384922374532784,4.813182999999995,13359.97405459133,TV,TCP,5001
93,74.73118279569893,7.533637521139378,0.0543245434782608,0.03730678126619626,4.997857999999994,11124.76584969002,TV,TCP,5001
120,77.73333333333333,8.449589076135926,0.04118439495798318,0.033437701703271205,4.900942999999998,15226.45743890513,TV,TCP,5001
114,73.78947368421052,3.9944559917916376,0.04397437168141594,0.03573802994882147,4.9691040000000015,13542.884189986762,TV,TCP,5001
95,74.46315789473684,7.848312626312256,0.052059329787234127,0.03367055056592482,4.893577000000008,11564.5467517932,TV,TCP,5001
108,74.14814814814815,5.161852263758324,0.04610642990654213,0.0320350114622305,4.933388000000008,12985.802049220514,TV,TCP,5001
119,75.5126050420168,5.560765236950646,0.04204032203389829,0.033228647610891573,4.9607579999999984,14491.333784070906,TV,TCP,5001
96,74.91666666666667,7.604366435732099,0.051438042105263246,0.036126948271167914,4.886614000000009,11774.206024867095,TV,TCP,5001
305,1046.0,0.0,0.01641144407894737,0.017759040842943802,4.989079,511565.36106163077,Camera,UDP,1002
96,1046.0,0.0,0.051731357894736846,0.03569910749080902,4.914479,163461.47780873618,Camera,UDP,1002
99,1046.0,0.0,0.050382030612244895,0.03375881465918122,4.9374389999999995,167785.76910013473,Camera,UDP,1002
88,1046.0,0.0,0.0559738275862069,0.03774914190063952,4.8697230000000005,151216.8145908915,Camera,UDP,1002
98,1046.0,0.0,0.051182927835051545,0.03354501371622326,4.964744,165177.49958507429,Camera,UDP,1002
89,1046.0,0.0,0.05501577272727271,0.037214038006732696,4.8413879999999985,153830.26520493714,Camera,UDP,1002
103,1046.0,0.0,0.04878222549019605,0.03175233179855052,4.975786999999997,173219.6333966869,Camera,UDP,1002
94,1046.0,0.0,0.05269972043010754,0.03631551623487863,4.901074000000001,160493.80197075167,Camera,UDP,1002
86,1046.0,0.0,0.05822600000000001,0.03810630968040322,4.949210000000001,145406.6406557814,Camera,UDP,1002
100,1046.0,0.0,0.04961287878787881,0.032357330923460936,4.9116750000000025,170369.57860607625,Camera,UDP,1002
101,1046.0,0.0,0.04917318000000002,0.032565523986996,4.917318000000002,171875.80709647,Camera,UDP,1002
98,1046.0,0.0,0.050574103092783484,0.03350428673526455,4.905687999999998,167165.95103479887,Camera,UDP,1002
96,1046.0,0.0,0.051644157894736885,0.03303906934566519,4.906195000000004,163737.478840527,Camera,UDP,1002
96,1046.0,0.0,0.05194947368421047,0.034305466325459506,4.935199999999995,162775.16615334756,Camera,UDP,1002
98,1046.0,0.0,0.050828783505154615,0.03231132863899303,4.930391999999998,166328.35685276147,Camera,UDP,1002
96,1046.0,0.0,0.0516420210526317,0.03387252776357722,4.905992000000012,163744.2539653546,Camera,UDP,1002
100,1046.0,0.0,0.04997384848484851,0.03293810279700351,4.9474110000000024,169138.96985716358,Camera,UDP,1002
89,1046.0,0.0,0.055519874999999885,0.0374648344298941,4.88574899999999,152433.5368026482,Camera,UDP,1002
96,1046.0,0.0,0.052114431578947434,0.03404637349932912,4.9508710000000065,162259.93365611808,Camera,UDP,1002
98,1046.0,0.0,0.05126032989690719,0.03391906677126344,4.9722519999999975,164928.0848999609,Camera,UDP,1002
98,1046.0,0.0,0.050309010309278396,0.033766817851316,4.879974000000004,168046.79697063947,Camera,UDP,1002
99,1046.0,0.0,0.05058995918367355,0.03261332743661909,4.957816000000008,167096.1568561638,Camera,UDP,1002
95,1046.0,0.0,0.05179972340425533,0.03415942446959077,4.869174000000001,163263.83078526251,Camera,UDP,1002
64,1046.0,0.0,0.05813171428571417,0.038737731031565054,3.6622979999999927,146233.86736961358,Camera,UDP,1002
185,600.227027027027,55.222129566543664,0.026991793478260872,0.057197908251229265,4.96649,178865.9596616524,Laptop,TCP,6000
155,606.0,0.0,0.031890636363636364,0.03430586192834966,4.911158,153006.6839633341,Laptop,TCP,6000
155,606.0,0.0,0.032048428571428575,0.03430956501404063,4.935458000000001,152253.34710578024,Laptop,TCP,6000
152,606.0,0.0,0.03252892052980133,0.03604691797124236,4.911867000000001,150023.60609519758,Laptop,TCP,6000
163,606.0,0.0,0.030314308641975322,0.03302240780441413,4.910918000000002,160911.66661711712,Laptop,TCP,6000
151,606.0,0.0,0.03322418666666664,0.03465404595452711,4.983627999999996,146890.57851027415,Laptop,TCP,6000
172,606.0,0.0,0.02889149122807016,0.031695980096799456,4.940444999999997,168781.55712693906,Laptop,TCP,6000
153,606.0,0.0,0.03254916447368418,0.03453963684828077,4.947472999999995,149923.80958925915,Laptop,TCP,6000
147,606.0,0.0,0.033818219178082205,0.035941119527789486,4.9374600000000015,144336.56171391765,Laptop,TCP,6000
163,606.0,0.0,0.030597487654321017,0.03359489973089463,4.956793000000005,159422.43301263524,Laptop,TCP,6000
175,606.0,0.0,0.028465448275862056,0.03035569289419018,4.952987999999998,171290.54219392422,Laptop,TCP,6000
168,606.0,0.0,0.029639622754490995,0.03212746445667008,4.949816999999996,164544.264969796,Laptop,TCP,6000
162,606.0,0.0,0.030709260869565238,0.03303123657815848,4.9441910000000036,158848.2321981492,Laptop,TCP,6000
166,606.0,0.0,0.029809078787878786,0.0316491714730916,4.918498,163620.68257423304,Laptop,TCP,6000
167,606.0,0.0,0.029810957831325348,0.032196316642273,4.948619000000008,163604.4318627073,Laptop,TCP,6000
166,606.0,0.0,0.029862830303030326,0.03187469567533936,4.927367000000004,163326.1739992169,Laptop,TCP,6000
162,606.0,0.0,0.030279006211180143,0.03353061944334813,4.874920000000003,161105.41301190574,Laptop,TCP,6000
162,606.0,0.0,0.030609447204968884,0.03301931956571208,4.92812099999999,159366.2168603412,Laptop,TCP,6000
167,606.0,0.0,0.02991162650602415,0.033014596089196935,4.965330000000009,163053.8151542795,Laptop,TCP,6000
165,606.0,0.0,0.02979431097560969,0.03246770489112487,4.8862669999999895,163707.79574673297,Laptop,TCP,6000
163,606.0,0.0,0.030598179012345628,0.03283673590790091,4.956904999999992,159418.83090355803,Laptop,TCP,6000
169,606.0,0.0,0.029347142857142825,0.03321280139338174,4.930319999999995,166178.26023462997,Laptop,TCP,6000
161,606.0,0.0,0.031028575000000023,0.03426170819653247,4.964572000000004,157219.5951634903,Laptop,TCP,6000
107,606.0,0.0,0.02952625471698103,0.034740272734957986,3.129782999999989,165741.8421660549,Laptop,TCP,6000
144,76.47222222222223,6.036859517953534,0.03480647552447553,0.037906358761335926,4.977326000000001,17699.46352720316,Laptop,TCP,6000
99,74.52525252525253,5.815936716103947,0.05033941836734694,0.03891494069197144,4.933263,11964.49489921782,Laptop,TCP,6000
101,76.17821782178218,7.371870592445422,0.04918173999999999,0.03766174034471076,4.918173999999999,12515.213979822596,Laptop,TCP,6000
85,71.31764705882352,2.9673191097288374,0.05846078571428573,0.033416638088957604,4.910706000000001,9875.56575368185,Laptop,TCP,6000
111,75.47747747747748,5.879950430088977,0.04460536363636365,0.03513672646798426,4.906590000000001,13659.996046133869,Laptop,TCP,6000
94,73.74468085106383,5.179616699473342,0.05345036559139787,0.03410185280016297,4.970884000000002,11156.16457756809,Laptop,TCP,6000
100,72.8,4.849742261192857,0.05002515151515156,0.03330795830051429,4.9524900000000045,11759.741059547812,Laptop,TCP,6000
100,73.92,4.307389000310978,0.04982387878787878,0.036622349524469335,4.932563999999999,11988.89664685547,Laptop,TCP,6000
97,73.38144329896907,3.9518840579664953,0.05174603124999999,0.041697234932170785,4.967618999999999,11463.03691969936,Laptop,TCP,6000
104,74.61538461538461,5.83805106492624,0.04764062135922331,0.03699903536583422,4.906984000000001,12651.355700365028,Laptop,TCP,6000
100,72.56,4.783973244072338,0.05009838383838387,0.03133229401812983,4.959740000000004,11703.839314157589,Laptop,TCP,6000
120,75.93333333333334,5.4156152825776775,0.04150095798319329,0.034791328404134333,4.938614000000001,14760.41658651597,Laptop,TCP,6000
114,75.47368421052632,5.435766099940234,0.043689194690265526,0.03613706313072903,4.936879000000005,13942.411794982201,Laptop,TCP,6000
99,73.39393939393939,5.34434125698148,0.049836755102040914,0.031129868658823067,4.8840020000000095,11901.7150279627,Laptop,TCP,6000
100,72.8,4.137632173115439,0.04997039393939393,0.03363430963319003,4.947068999999999,11772.627388055434,Laptop,TCP,6000
113,75.30973451327434,5.592472257169982,0.044230616071428565,0.035745222893178115,4.953828999999999,13742.904730865763,Laptop,TCP,6000
92,73.30434782608695,6.99338061317673,0.05391578021978018,0.03253502500038788,4.906335999999996,10996.393235196294,Laptop,TCP,6000
89,73.32584269662921,7.4709554175928625,0.055589738636363635,0.03097493564689695,4.891897,10672.34244711203,Laptop,TCP,6000
121,78.79338842975207,9.165076866731084,0.04155443333333331,0.0349839685874675,4.986531999999997,15295.600228776242,Laptop,TCP,6000
101,72.93069306930693,3.85442378157511,0.04914076000000009,0.037472660749169294,4.9140760000000085,11991.674528436251,Laptop,TCP,6000
107,75.98130841121495,7.741116474344545,0.04664366037735858,0.03255119528045906,4.94422800000001,13154.733155509794,Laptop,TCP,6000
105,74.26666666666667,5.849325018718243,0.04742195192307692,0.03355272677798451,4.931882999999999,12649.124076949922,Laptop,TCP,6000
92,73.1304347826087,5.527042985068071,0.05466537362637358,0.0356691256098675,4.974548999999996,10819.87532940173,Laptop,TCP,6000
67,75.73134328358209,6.454391284412933,0.041598181818181826,0.03701513173256447,2.7454800000000006,14785.028483179623,Laptop,TCP,6000
163,1046.0,0.0,0.030809370370370372,0.024991857139281034,4.991118,273282.2586041845,Camera,UDP,1000
92,1046.0,0.0,0.05347868131868132,0.03563638457780966,4.86656,158193.05628616517,Camera,UDP,1000
90,1046.0,0.0,0.05499689887640449,0.03695817767652441,4.894724,153863.62949167308,Camera,UDP,1000
95,1046.0,0.0,0.05248677659574468,0.03490108756860457,4.933757,161126.7032405528,Camera,UDP,1000
98,1046.0,0.0,0.05125641237113399,0.0339816816249104,4.971871999999998,164940.69034761965,Camera,UDP,1000
93,1046.0,0.0,0.05372702173913045,0.036530884645728075,4.9428860000000014,157443.24267239822,Camera,UDP,1000
99,1046.0,0.0,0.05051734693877556,0.03283224508106776,4.950700000000005,167336.336275678,Camera,UDP,1000
89,1046.0,0.0,0.05542131818181821,0.03762849901898113,4.877076000000002,152704.61235379553,Camera,UDP,1000
92,1046.0,0.0,0.054415714285714296,0.03645699718011467,4.951830000000001,155468.98823263316,Camera,UDP,1000
100,1046.0,0.0,0.049939292929292924,0.03266335857376353,4.943989999999999,169256.00577671072,Camera,UDP,1000
100,1046.0,0.0,0.04966730303030302,0.031455530397290585,4.917062999999999,170182.89169774725,Camera,UDP,1000
98,1046.0,0.0,0.05063153608247424,0.033326532796687444,4.911259000000001,166976.32928745967,Camera,UDP,1000
96,1046.0,0.0,0.052026242105263146,0.03303381412135868,4.942492999999999,162534.97981686573,Camera,UDP,1000
97,1046.0,0.0,0.05140448958333336,0.033997206649037104,4.934831000000003,164483.0390341634,Camera,UDP,1000
97,1046.0,0.0,0.051227624999999964,0.03287896134094464,4.917851999999996,165050.9206051749,Camera,UDP,1000
98,1046.0,0.0,0.05121553608247419,0.03356054738260033,4.967906999999997,165072.3332783807,Camera,UDP,1000
92,1046.0,0.0,0.0535147802197802,0.035936086769782015,4.869844999999998,158086.3456639791,Camera,UDP,1000
96,1046.0,0.0,0.05187411578947376,0.03430591014445256,4.928041000000007,163011.63078797414,Camera,UDP,1000
97,1046.0,0.0,0.05158036458333326,0.033816070169226685,4.951714999999993,163922.196653079,Camera,UDP,1000
97,1046.0,0.0,0.051212927083333394,0.03354647105733996,4.916441000000006,165098.28959607144,Camera,UDP,1000
98,1046.0,0.0,0.05077438144329888,0.033220089707496896,4.925114999999991,166506.56888214825,Camera,UDP,1000
98,1046.0,0.0,0.050951505154639164,0.03408524831300612,4.942295999999999,165927.73884850284,Camera,UDP,1000
89,1046.0,0.0,0.05551065909090915,0.03675994353723838,4.884938000000005,152458.84389934922,Camera,UDP,1000
40,1046.0,0.0,0.05465317948717942,0.036804971184485995,2.131473999999997,157036.86744478255,Camera,UDP,1000
132,1046.0,0.0,0.03802938167938932,0.026829303368870665,4.981849,221720.08826441746,Camera,UDP,1005
93,1046.0,0.0,0.05372127173913043,0.03678782341467337,4.9423569999999994,157460.09444481652,Camera,UDP,1005
88,1046.0,0.0,0.05640035632183908,0.038211833522168365,4.906831,150073.2346396279,Camera,UDP,1005
96,1046.0,0.0,0.05159544210526316,0.033839512756762176,4.901567,163892.0777783921,Camera,UDP,1005
98,1046.0,0.0,0.05090012371134023,0.03286109262047586,4.937312000000002,166095.2356261868,Camera,UDP,1005
93,1046.0,0.0,0.053748,0.036748934656253125,4.944815999999999,157381.79135482496,Camera,UDP,1005
98,1046.0,0.0,0.05014473195876294,0.03245420519240007,4.864039000000005,168597.3323815864,Camera,UDP,1005
90,1046.0,0.0,0.055460202247191004,0.036681998194680814,4.935957999999999,152578.28368879965,Camera,UDP,1005
92,1046.0,0.0,0.0541894725274725,0.0356645341728409,4.9312419999999975,156118.07329674764,Camera,UDP,1005
100,1046.0,0.0,0.04957652525252527,0.03286734723320888,4.908076000000001,170494.50742001546,Camera,UDP,1005
99,1046.0,0.0,0.05052044897959181,0.03247093257779823,4.9510039999999975,167326.06154226506,Camera,UDP,1005
99,1046.0,0.0,0.05070257142857141,0.032395503912658635,4.968851999999998,166725.0302484357,Camera,UDP,1005
95,1046.0,0.0,0.0520272872340425,0.033517180137896924,4.890564999999995,162549.72584967193,Camera,UDP,1005
98,1046.0,0.0,0.0510568350515465,0.033960854441632396,4.95251300000001,165585.43107307306,Camera,UDP,1005
96,1046.0,0.0,0.05150558947368429,0.03308471885215589,4.893031000000008,164177.991106126,Camera,UDP,1005
98,1046.0,0.0,0.05061819587628866,0.03257233457495246,4.909965,167020.33517550534,Camera,UDP,1005
91,1046.0,0.0,0.05524181111111122,0.03630979937883094,4.97176300000001,153162.57029950916,Camera,UDP,1005
97,1046.0,0.0,0.05158518750000004,0.033949192507979474,4.9521780000000035,163906.87087580442,Camera,UDP,1005
96,1046.0,0.0,0.05214046315789475,0.03356689853751166,4.953344000000001,162178.9239753992,Camera,UDP,1005
98,1046.0,0.0,0.050485762886597826,0.03357437043702783,4.897118999999989,167458.45873869958,Camera,UDP,1005
98,1046.0,0.0,0.05106988659793812,0.03371687888934393,4.953778999999997,165543.11365121466,Camera,UDP,1005
98,1046.0,0.0,0.05081231958762895,0.03313960535808634,4.928795000000008,166382.24961679248,Camera,UDP,1005
87,1046.0,0.0,0.05707658139534883,0.03844551937345248,4.908586,148314.81000842198,Camera,UDP,1005
33,1046.0,0.0,0.05188528125000014,0.035387710835855124,1.6603290000000044,166318.84403633213,Camera,UDP,1005
130,1046.0,0.0,0.03856924806201551,0.026502141831838764,4.975433000000001,218642.27696363308,Camera,UDP,1004
94,1046.0,0.0,0.053164645161290325,0.03643723074874832,4.944312,159090.28394648235,Camera,UDP,1004
87,1046.0,0.0,0.05716897674418603,0.038467775081795975,4.916531999999998,148075.10659952997,Camera,UDP,1004
97,1046.0,0.0,0.05115113541666668,0.03433671436415299,4.910509000000001,165297.73186445638,Camera,UDP,1004
97,1046.0,0.0,0.0512891875,0.03249232963405634,4.923762,164852.80970120002,Camera,UDP,1004
94,1046.0,0.0,0.053219172043010764,0.037063719889332714,4.949383000000001,158927.28447161996,Camera,UDP,1004
98,1046.0,0.0,0.05017184536082476,0.033157785381552,4.866669000000002,168506.22057920924,Camera,UDP,1004
90,1046.0,0.0,0.05546910112359547,0.03726128245455727,4.936749999999996,152553.80564136335,Camera,UDP,1004
92,1046.0,0.0,0.05423226373626373,0.03670911192056202,4.935136,155994.89051568185,Camera,UDP,1004
99,1046.0,0.0,0.05001642857142855,0.03265982048359166,4.901609999999998,169012.22251464322,Camera,UDP,1004
99,1046.0,0.0,0.05051995918367345,0.03342318219468033,4.950955999999998,167327.6837847075,Camera,UDP,1004
100,1046.0,0.0,0.05021411111111108,0.03357316206417934,4.9711969999999965,168329.6799543451,Camera,UDP,1004
94,1046.0,0.0,0.052609440860215094,0.034467443053316664,4.892678000000004,160769.21473270864,Camera,UDP,1004
97,1046.0,0.0,0.051053937500000014,0.033560951872056904,4.901178000000002,165612.43031777252,Camera,UDP,1004
98,1046.0,0.0,0.05096622680412374,0.033530239751667586,4.943724000000003,165879.81044249225,Camera,UDP,1004
97,1046.0,0.0,0.051122010416666676,0.032584404689812003,4.907713000000001,165391.90453883505,Camera,UDP,1004
92,1046.0,0.0,0.05465850549450546,0.03702969515840787,4.973923999999997,154778.4003133141,Camera,UDP,1004
97,1046.0,0.0,0.05083601041666667,0.03399590150986845,4.880257,166322.38834962994,Camera,UDP,1004
96,1046.0,0.0,0.052093368421052624,0.033731842760858104,4.948869999999999,162325.5409820828,Camera,UDP,1004
98,1046.0,0.0,0.050576020618556816,0.033671338636392135,4.905874000000011,167159.61314946084,Camera,UDP,1004
97,1046.0,0.0,0.051445302083333345,0.03349865207428641,4.938749000000001,164352.5516279527,Camera,UDP,1004
98,1046.0,0.0,0.05071349484536077,0.03346716433585086,4.919208999999995,166706.47659003732,Camera,UDP,1004
88,1046.0,0.0,0.05646271264367815,0.038708144079042835,4.912255999999999,149907.4966776976,Camera,UDP,1004
31,1046.0,0.0,0.05378986666666682,0.03502577388983988,1.6136960000000045,160753.94622035333,Camera,UDP,1004
132,1046.0,0.0,0.03802196946564885,0.026302868225144122,4.980877999999999,221763.3116089172,Camera,UDP,1001
92,1046.0,0.0,0.053692934065934055,0.03711338328816907,4.886056999999999,157561.81313480382,Camera,UDP,1001
87,1046.0,0.0,0.05700768604651165,0.03772691286942569,4.902661000000002,148494.05251556242,Camera,UDP,1001
97,1046.0,0.0,0.05156070833333334,0.033989369570657894,4.949828,163984.6879527935,Camera,UDP,1001
97,1046.0,0.0,0.051415125000000006,0.032809436492306894,4.935852000000001,164449.01508392065,Camera,UDP,1001
94,1046.0,0.0,0.05286545161290319,0.03654577341036384,4.9164869999999965,159990.6599976773,Camera,UDP,1001
99,1046.0,0.0,0.05069629591836737,0.03296067664075672,4.968237000000002,166745.66853392858,Camera,UDP,1001
91,1046.0,0.0,0.05437113333333327,0.03688199463309416,4.893401999999995,155615.25499029117,Camera,UDP,1001
91,1046.0,0.0,0.055148155555555516,0.036834539967539486,4.963333999999996,153422.6791910439,Camera,UDP,1001
100,1046.0,0.0,0.049231666666666625,0.03279949492004586,4.873934999999996,171688.78944836167,Camera,UDP,1001
99,1046.0,0.0,0.05054537755102038,0.03331497351946073,4.953446999999997,167243.53768194158,Camera,UDP,1001
98,1046.0,0.0,0.050668917525773176,0.03315994562462762,4.914884999999998,166853.14101957632,Camera,UDP,1001
96,1046.0,0.0,0.0523222105263158,0.033882462414054834,4.970610000000001,161615.5763578313,Camera,UDP,1001
96,1046.0,0.0,0.051449136842105316,0.03374960683735479,4.887668000000005,164358.1356180492,Camera,UDP,1001
98,1046.0,0.0,0.051069938144329884,0.033335349595217306,4.953783999999999,165542.94656367743,Camera,UDP,1001
98,1046.0,0.0,0.051148814432989784,0.03357834066202511,4.961435000000009,165287.66375050737,Camera,UDP,1001
90,1046.0,0.0,0.05482946067415719,0.03619861678469055,4.87982199999999,154333.4982300587,Camera,UDP,1001
98,1046.0,0.0,0.05080418556701042,0.03401475260243405,4.9280060000000105,166408.88830086615,Camera,UDP,1001
95,1046.0,0.0,0.052137531914893696,0.03448637001270599,4.9009280000000075,162206.01486085876,Camera,UDP,1001
99,1046.0,0.0,0.050632081632653085,0.03271632477322035,4.961944000000003,166957.14421605718,Camera,UDP,1001
98,1046.0,0.0,0.050908618556701035,0.032858873384393875,4.938136,166067.52021410508,Camera,UDP,1001
98,1046.0,0.0,0.05064588659793811,0.032925905432877635,4.912650999999997,166929.01653302883,Camera,UDP,1001
87,1046.0,0.0,0.057170046511627895,0.038162087875244576,4.916623999999999,148072.33581416844,Camera,UDP,1001
33,1046.0,0.0,0.05136375000000015,0.03361089247829331,1.6436400000000049,168007.59290355502,Camera,UDP,1001
132,1046.0,0.0,0.037950961832061064,0.02640458640255802,4.971576,222178.23885222716,Camera,UDP,1003
92,1046.0,0.0,0.053667010989011,0.03662886196793205,4.883698000000001,157637.92109995332,Camera,UDP,1003
89,1046.0,0.0,0.05657576136363636,0.03807017971606525,4.978667,149588.63486953438,Camera,UDP,1003
96,1046.0,0.0,0.05184691578947366,0.033674318958819095,4.925456999999998,163097.1501730703,Camera,UDP,1003
96,1046.0,0.0,0.051192526315789466,0.03300632576239754,4.863289999999999,165182.0064195226,Camera,UDP,1003
95,1046.0,0.0,0.05301794680851064,0.03604643456248289,4.983687,159512.4252385834,Camera,UDP,1003
98,1046.0,0.0,0.05025093814432991,0.0331353113967106,4.874341000000001,168240.99914224297,Camera,UDP,1003
91,1046.0,0.0,0.05477865555555555,0.03639492913951391,4.930078999999999,154457.56548728736,Camera,UDP,1003
91,1046.0,0.0,0.05494003333333334,0.03666723528512112,4.944603000000001,154003.87048262518,Camera,UDP,1003
101,1046.0,0.0,0.049583060000000005,0.0330802346668879,4.958306,170454.99007120577,Camera,UDP,1003
98,1046.0,0.0,0.05032911340206184,0.033641964231876986,4.881923999999998,167979.67358770853,Camera,UDP,1003
99,1046.0,0.0,0.05070243877551016,0.03302142861193,4.968838999999996,166725.46645202243,Camera,UDP,1003
95,1046.0,0.0,0.05222625531914891,0.034361329093054865,4.909267999999997,161930.4548050749,Camera,UDP,1003
96,1046.0,0.0,0.05151911578947372,0.03307122360534863,4.894316000000003,164134.8862639845,Camera,UDP,1003
98,1046.0,0.0,0.05091032989690714,0.033062017400517514,4.938301999999993,166061.93788877252,Camera,UDP,1003
98,1046.0,0.0,0.051193329896907135,0.032575918486064365,4.965752999999992,165143.93688127486,Camera,UDP,1003
90,1046.0,0.0,0.0545675505617977,0.03522365665703171,4.856511999999995,155074.25905670587,Camera,UDP,1003
98,1046.0,0.0,0.05101480412371135,0.033885473808851846,4.948436000000001,165721.85636027218,Camera,UDP,1003
96,1046.0,0.0,0.052349031578947346,0.03396434214273054,4.973157999999998,161532.77253608278,Camera,UDP,1003
98,1046.0,0.0,0.050259226804123744,0.03255968339548951,4.875145000000003,168213.25314426533,Camera,UDP,1003
98,1046.0,0.0,0.05094314432989691,0.03344220266970729,4.941485,165954.97102591628,Camera,UDP,1003
98,1046.0,0.0,0.05071840206185568,0.03323014626536713,4.919685000000001,166690.347044577,Camera,UDP,1003
87,1046.0,0.0,0.057087383720930224,0.038058850505734786,4.909514999999999,148286.74522839836,Camera,UDP,1003
32,1046.0,0.0,0.05210170967741957,0.035785383714037826,1.6151530000000065,165789.86634702652,Camera,UDP,1003
138,598.2608695652174,63.818958651029625,0.03632064233576643,0.06887229922488224,4.975928000000001,132735.0395745276,TV,TCP,5000
152,606.0,0.0,0.03277553642384106,0.03492007111892323,4.9491060000000004,148894.7700857488,TV,TCP,5000
150,606.0,0.0,0.033086429530201335,0.037939227357710825,4.929877999999999,147508.72131115623,TV,TCP,5000
165,606.0,0.0,0.029621932926829273,0.03247111165481004,4.857997000000001,164660.45573926863,TV,TCP,5000
170,606.0,0.0,0.029464656804733733,0.03192098307443619,4.979527000000001,165509.6960012467,TV,TCP,5000
157,606.0,0.0,0.031604621794871814,0.033887313247855044,4.930321000000003,154378.58914257298,TV,TCP,5000
166,606.0,0.0,0.029578442424242422,0.03290458696297937,4.880443,164896.50632124994,TV,TCP,5000
153,606.0,0.0,0.03242840131578946,0.03522260634376923,4.929116999999998,150482.1248917403,TV,TCP,5000
159,606.0,0.0,0.0311336265822785,0.03503951657762215,4.919113000000003,156701.42157742658,TV,TCP,5000
172,606.0,0.0,0.028997830409356738,0.03196090963856398,4.958629000000002,168162.61107656968,TV,TCP,5000
169,606.0,0.0,0.02925925595238098,0.03193094760069813,4.915555000000005,166677.414859563,TV,TCP,5000
172,606.0,0.0,0.028926713450292373,0.03213843312637525,4.946467999999996,168576.0425418704,TV,TCP,5000
169,606.0,0.0,0.029221089285714288,0.03202765338880148,4.909143,166895.11794624844,TV,TCP,5000
160,606.0,0.0,0.030911540880503144,0.03314395665542438,4.914935,157821.00882310752,TV,TCP,5000
170,606.0,0.0,0.02920648520710059,0.03236231165120206,4.935896,166972.72389855864,TV,TCP,5000
169,606.0,0.0,0.029603089285714305,0.03178040430772159,4.973319000000004,164741.49355792368,TV,TCP,5000
148,606.0,0.0,0.0336415850340136,0.03694481617459708,4.945312999999999,145087.6820132518,TV,TCP,5000
170,606.0,0.0,0.029223633136094683,0.03191503738147097,4.9387940000000015,166874.74715487217,TV,TCP,5000
169,606.0,0.0,0.029504255952380883,0.03243237963843961,4.956714999999988,165293.34448319138,TV,TCP,5000
170,606.0,0.0,0.02909152071005924,0.03173220633819515,4.9164670000000115,167632.57029895615,TV,TCP,5000
163,606.0,0.0,0.030337345679012313,0.03266664579672837,4.914649999999995,160789.47636149082,TV,TCP,5000
168,606.0,0.0,0.029459724550898226,0.03302128832463548,4.919774000000004,165549.06790433856,TV,TCP,5000
148,606.0,0.0,0.033806027210884375,0.03751527416950194,4.969486000000003,144381.93406722537,TV,TCP,5000
61,606.0,0.0,0.02644786666666666,0.03325318165302156,1.5868719999999996,186359.07622038832,TV,TCP,5000
109,84.64220183486239,10.56523894907284,0.04603433333333334,0.07451041961177124,4.9717080000000005,14845.602356373302,TV,TCP,5000
96,75.58333333333333,8.092777987536515,0.05210296842105264,0.036749461774347916,4.949782000000001,11727.385165649717,TV,TCP,5000
105,77.84761904761905,8.334416256167302,0.04739608653846155,0.038663965108679726,4.9291930000000015,13266.2689409808,TV,TCP,5000
90,71.68888888888888,4.043223258860146,0.054536741573033676,0.03204292473764232,4.853769999999997,10634.20804858904,TV,TCP,5000
110,75.52727272727273,7.052670791214928,0.04566385321100918,0.03337078510562181,4.977360000000001,13353.263577478821,TV,TCP,5000
100,75.28,6.902289475239356,0.049757838383838425,0.04130136825373264,4.926026000000004,12225.676437761384,TV,TCP,5000
91,71.31868131868131,2.968253717122484,0.05422423333333334,0.03152955035061898,4.880181,10638.949661908031,TV,TCP,5000
111,78.57657657657657,8.638432404452686,0.04478953636363634,0.03641037638333269,4.926848999999997,14162.398725838775,TV,TCP,5000
95,73.28421052631579,5.381573156604785,0.05232917021276597,0.035836912121098435,4.918942000000001,11322.76005693907,TV,TCP,5000
119,76.31932773109244,6.4663742689941754,0.04200133050847461,0.03383792566268615,4.956157000000005,14659.745443899363,TV,TCP,5000
98,73.59183673469387,6.37571402114829,0.050628680412371105,0.030991852782259268,4.910981999999997,11748.363158325572,TV,TCP,5000
106,75.05660377358491,8.024526305515504,0.0470923047619048,0.03211577058323078,4.944692000000003,12871.98474647156,TV,TCP,5000
117,76.01709401709402,6.090461796005019,0.042184655172413724,0.03348365282289092,4.893419999999992,14540.341928548973,TV,TCP,5000
95,72.61052631578947,3.7509149391696996,0.05163877659574467,0.03596874360931987,4.854044999999999,11368.66263085736,TV,TCP,5000
110,75.45454545454545,6.901431160717008,0.0452629908256881,0.03381368100258972,4.933666000000002,13458.551916566701,TV,TCP,5000
106,74.52830188679245,6.218061863862937,0.047391685714285765,0.034200204665306856,4.976127000000005,12700.640478026371,TV,TCP,5000
107,78.14953271028037,7.809416480310723,0.04591333018867932,0.03935878975257293,4.866813000000008,13745.340122992171,TV,TCP,5000
94,71.95744680851064,4.316999779735284,0.05313019354838709,0.030487475609819164,4.941108,10951.389850211734,TV,TCP,5000
114,75.12280701754386,6.1901738077194,0.04384148672566371,0.03441399880016697,4.954087999999999,13829.386962847655,TV,TCP,5000
94,71.53191489361703,3.1477858738564986,0.052849559139784924,0.031791896998153525,4.915008999999998,10944.435707035333,TV,TCP,5000
113,75.38053097345133,5.3684073940187975,0.04376734821428574,0.03319435053528004,4.901943000000003,13901.426434375097,TV,TCP,5000
93,71.3763440860215,3.019342584909117,0.05345348913043479,0.031547453436982426,4.917721,10798.4979221066,TV,TCP,5000
93,74.81720430107526,6.223345289526339,0.05396402173913049,0.038514163062035686,4.9646900000000045,11211.978995667394,TV,TCP,5000
38,72.94736842105263,3.859011111541759,0.04282545945945943,0.038586729524326235,1.584541999999999,13995.211234539705,TV,TCP,5000
165,599.5272727272727,58.434481687936106,0.030068975609756098,0.03902476246532467,4.931312,160479.80740216802,Laptop,TCP,6002
164,606.0,0.0,0.03025991411042945,0.03388078002057264,4.932366,161194.85050379473,Laptop,TCP,6002
141,606.0,0.0,0.03550632142857142,0.039436392378155244,4.970884999999999,137514.34603697332,Laptop,TCP,6002
164,606.0,0.0,0.030277981595092016,0.0318000550347699,4.935310999999999,161098.66227275247,Laptop,TCP,6002
153,606.0,0.0,0.032431651315789484,0.03401324517941502,4.929611000000001,150467.04496561692,Laptop,TCP,6002
157,606.0,0.0,0.03117901923076921,0.034087646498415294,4.863926999999997,156485.9012069878,Laptop,TCP,6002
169,606.0,0.0,0.029395904761904738,0.031514232340369756,4.938511999999996,165902.60386124416,Laptop,TCP,6002
147,606.0,0.0,0.033971623287671227,0.037304413570665454,4.9598569999999995,143684.7876864192,Laptop,TCP,6002
170,606.0,0.0,0.029316644970414193,0.03269490933889701,4.954512999999999,166345.30982157082,Laptop,TCP,6002
167,606.0,0.0,0.0300477590361446,0.03165600464427408,4.987928000000004,162315.09356189572,Laptop,TCP,6002
160,606.0,0.0,0.030523421383647827,0.0318425208456166,4.853224000000004,159827.7763400163,Laptop,TCP,6002
170,606.0,0.0,0.029125798816568012,0.03212175979019022,4.922259999999994,167435.2837924045,Laptop,TCP,6002
164,606.0,0.0,0.030507558282208636,0.03278339414655025,4.972732000000008,159886.35623234848,Laptop,TCP,6002
169,606.0,0.0,0.02902118452380958,0.0318379723326983,4.87555900000001,168044.7308708598,Laptop,TCP,6002
165,606.0,0.0,0.03020606097560977,0.032530605344344106,4.953794000000002,161476.23417526035,Laptop,TCP,6002
165,606.0,0.0,0.030022103658536595,0.03137451072820719,4.923625000000001,162465.66300236102,Laptop,TCP,6002
150,606.0,0.0,0.0332203154362417,0.03689919868740899,4.949827000000013,146914.2254870722,Laptop,TCP,6002
168,606.0,0.0,0.029523532934131742,0.032143845118706105,4.930430000000001,165191.2713495577,Laptop,TCP,6002
172,606.0,0.0,0.02908656725146201,0.0324223737982478,4.973803000000004,167649.58322635604,Laptop,TCP,6002
169,606.0,0.0,0.029099851190476162,0.0310642155056874,4.888774999999995,167590.44955024536,Laptop,TCP,6002
168,606.0,0.0,0.029765928143712594,0.03165415710863672,4.9709100000000035,163846.0563558784,Laptop,TCP,6002
173,606.0,0.0,0.028692802325581426,0.03174385621616467,4.935162000000005,169944.57324805125,Laptop,TCP,6002
146,606.0,0.0,0.03419833103448268,0.038196685189641956,4.958757999999989,142738.9681045136,Laptop,TCP,6002
30,606.0,0.0,0.022162482758620795,0.03599674937874132,0.6427120000000031,226291.09149976866,Laptop,TCP,6002
156,599.1538461538462,60.075183007729805,0.031853877419354845,0.03981193693731951,4.9373510000000005,151446.39301520187,Laptop,TCP,6001
168,606.0,0.0,0.029612473053892214,0.033017416692220435,4.945283,164695.12462684137,Laptop,TCP,6001
142,606.0,0.0,0.03519239007092199,0.03950587365805411,4.962127000000001,138734.05497279693,Laptop,TCP,6001
175,606.0,0.0,0.02835631034482758,0.03191297908116262,4.933997999999999,171949.80622205362,Laptop,TCP,6001
162,606.0,0.0,0.030563571428571433,0.03329145968688371,4.9207350000000005,159605.42479934398,Laptop,TCP,6001
163,606.0,0.0,0.03056791975308643,0.03171369568245303,4.952003000000001,159576.63999799674,Laptop,TCP,6001
166,606.0,0.0,0.02994772727272728,0.032622438689355195,4.941375000000001,162863.17067617815,Laptop,TCP,6001
144,606.0,0.0,0.034750251748251776,0.03839856211714044,4.969286000000004,140485.37355265918,Laptop,TCP,6001
164,606.0,0.0,0.030310711656441724,0.03291260345305375,4.940646000000001,160924.70498797117,Laptop,TCP,6001
122,606.0,0.0,0.04097547107438019,0.06788021027632665,4.958032000000003,119292.49347321672,Laptop,TCP,6001
168,606.0,0.0,0.02953307185628743,0.03214426268110992,4.932023000000001,165137.91602350594,Laptop,TCP,6001
165,606.0,0.0,0.03007413414634147,0.031696106745713076,4.932158000000001,162184.5853275584,Laptop,TCP,6001
163,606.0,0.0,0.030365549382716038,0.032970161435562535,4.919218999999998,160640.1341351138,Laptop,TCP,6001
167,606.0,0.0,0.02970895180722891,0.032939098325418754,4.931685999999999,164166.16954120764,Laptop,TCP,6001
165,606.0,0.0,0.029791487804878006,0.033250059114103885,4.885803999999993,163723.30940823682,Laptop,TCP,6001
173,606.0,0.0,0.028820203488372113,0.03205063816890639,4.957075000000003,169193.32469248486,Laptop,TCP,6001
149,606.0,0.0,0.03338054729729728,0.036752191487394684,4.940320999999997,146215.6001603945,Laptop,TCP,6001
167,606.0,0.0,0.029709301204819245,0.03318223457846277,4.931743999999995,164164.23885749155,Laptop,TCP,6001
164,606.0,0.0,0.03016485889570551,0.03324327810884132,4.916871999999998,161702.80617433204,Laptop,TCP,6001
173,606.0,0.0,0.028776860465116256,0.031645087699049945,4.949619999999996,169448.15965670106,Laptop,TCP,6001
163,606.0,0.0,0.03050108641975308,0.033175520228580536,4.941175999999999,159926.30094536205,Laptop,TCP,6001
170,606.0,0.0,0.029211609467455633,0.03184294833627868,4.936762000000002,166943.4337729872,Laptop,TCP,6001
141,606.0,0.0,0.03530110714285714,0.0385717566853731,4.942155,138313.7517945107,Laptop,TCP,6001
31,606.0,0.0,0.02153266666666648,0.024143731932370103,0.6459799999999944,232651.1656707658,Laptop,TCP,6001
94,72.17021276595744,4.070230005190884,0.05304024731182796,0.042298201838710546,4.932743,11002.397651773059,Laptop,TCP,6002
110,75.81818181818181,6.814665760071258,0.045254009174311924,0.0344022021506824,4.932687,13526.096425741185,Laptop,TCP,6002
93,74.64516129032258,5.4173063204589385,0.05403447826086956,0.04275445272348034,4.971171999999999,11171.611040615777,Laptop,TCP,6002
106,75.66037735849056,7.610676205859159,0.04641962857142855,0.036984525636504846,4.8740609999999975,13163.56114541858,Laptop,TCP,6002
91,72.46153846153847,3.692307692307692,0.05400874444444443,0.036540816807315364,4.860786999999998,10852.563586925331,Laptop,TCP,6002
86,71.30232558139535,2.9533968123511714,0.05720281176470591,0.034166039861584306,4.862239000000002,10089.179079843663,Laptop,TCP,6002
106,75.58490566037736,7.860659058893005,0.047011780952380934,0.032542620683821535,4.936236999999998,12984.789830796215,Laptop,TCP,6002
104,76.07692307692308,6.025095447204882,0.04809393203883492,0.03761454581023091,4.953674999999997,12777.584318712883,Laptop,TCP,6002
94,72.55319148936171,5.622176873162126,0.05327158064516127,0.031003556408666928,4.954256999999998,11012.751256141944,Laptop,TCP,6002
104,73.46153846153847,4.6758855124397325,0.04840635922330091,0.032106259835706794,4.985854999999994,12258.679805168838,Laptop,TCP,6002
111,74.68468468468468,4.2234480213286085,0.04405330909090908,0.03453694901057396,4.845863999999999,13685.897912116397,Laptop,TCP,6002
104,73.61538461538461,5.189315377083979,0.04778515533980585,0.03314548625064036,4.921871000000003,12444.048208496315,Laptop,TCP,6002
112,75.57142857142857,5.839695267419914,0.044780018018018085,0.0356387219060783,4.970582000000007,13622.54963302082,Laptop,TCP,6002
114,75.47368421052632,5.929720750674416,0.04314673451327431,0.03369442536283075,4.875580999999997,14117.702074891185,Laptop,TCP,6002
115,75.42608695652174,5.332526719091979,0.043473526315789525,0.033659563929901146,4.955982000000006,14001.665058509074,Laptop,TCP,6002
103,73.10679611650485,3.898998181906371,0.04818511764705888,0.03202869509144245,4.914882000000006,12256.652346892546,Laptop,TCP,6002
94,74.42553191489361,6.13238588413679,0.05253104301075263,0.03901213414457472,4.885386999999994,11456.206028304425,Laptop,TCP,6002
100,72.56,3.731809212700992,0.04911899999999998,0.03373686168396284,4.862780999999998,11937.202189446743,Laptop,TCP,6002
97,72.55670103092784,5.206991873868733,0.05179388541666663,0.03439207264365563,4.972212999999996,11323.730499880041,Laptop,TCP,6002
117,75.6068376068376,5.560786491992468,0.04214249137931027,0.03353937936590284,4.888528999999991,14476.33838318237,Laptop,TCP,6002
118,75.42372881355932,5.195184830011667,0.04246360683760687,0.03403582638447983,4.968242000000004,14331.024937996166,Laptop,TCP,6002
114,73.78947368421052,3.9944559917916376,0.043674805309734416,0.031786553258979625,4.935252999999989,13635.775106159736,Laptop,TCP,6002
104,76.23076923076923,6.464742795214983,0.048099106796116446,0.04005013541664328,4.954207999999994,12802.046260471921,Laptop,TCP,6002
15,70.0,0.0,0.045736142857143544,0.04343480452003897,0.6403060000000096,13118.727608362055,Laptop,TCP,6002
102,73.80392156862744,3.9755113512166513,0.04884457425742574,0.046015771009416076,4.933302,12207.645102610786,Laptop,TCP,6001
97,72.3917525773196,4.168009490636957,0.05151980208333332,0.03297104343259009,4.945900999999999,11358.092286926085,Laptop,TCP,6001
89,75.48314606741573,7.640978170733811,0.055749147727272706,0.03899195178714899,4.905924999999998,10954.91675881715,Laptop,TCP,6001
119,78.2016806722689,9.587789706760105,0.04179609322033898,0.032302288441518875,4.931939,15095.077209997935,Laptop,TCP,6001
108,74.0,4.0,0.04610742056074766,0.03566593252423289,4.933494,12959.577938069855,Laptop,TCP,6001
98,73.26530612244898,5.216831121198517,0.05102954639175261,0.0358315091806832,4.949866000000004,11604.35454212295,Laptop,TCP,6001
108,73.77777777777777,3.9938223901358736,0.04553641121495329,0.034418325241491056,4.872396000000002,13082.680471784308,Laptop,TCP,6001
89,73.59550561797752,5.2289580484490745,0.05649218181818187,0.04214224839526006,4.971312000000005,10540.477041070839,Laptop,TCP,6001
89,71.25842696629213,2.912692448722634,0.05521368181818181,0.031870062619224926,4.858803999999999,10442.075868876374,Laptop,TCP,6001
95,78.42105263157895,7.73179212202983,0.05274206382978725,0.0734840028418124,4.957754000000001,12021.572671818727,Laptop,TCP,6001
109,77.26605504587155,9.165794211082078,0.045642092592592616,0.03462371542410214,4.9293460000000024,13668.34464450253,Laptop,TCP,6001
114,75.33333333333333,5.471884544454156,0.043644035398230085,0.03353845741908625,4.931775999999999,13930.884127746274,Laptop,TCP,6001
111,75.76576576576576,6.090836352806227,0.044705663636363566,0.035196242963826674,4.917622999999992,13681.406647073212,Laptop,TCP,6001
111,75.62162162162163,6.316079942401914,0.04481416363636364,0.034825993475231076,4.929558,13622.316645833156,Laptop,TCP,6001
111,75.26126126126127,5.732335517159834,0.04443482727272732,0.034457159308298506,4.887831000000006,13673.140499333942,Laptop,TCP,6001
109,73.30275229357798,3.9387619420179782,0.04589724074074074,0.032573863709714906,4.9569019999999995,12895.151043938333,Laptop,TCP,6001
104,77.0,7.498717839122181,0.04792201941747575,0.03765690124065113,4.935968000000003,12979.014450660938,Laptop,TCP,6001
104,76.38461538461539,8.620534175296541,0.04790109708737865,0.03554917693980145,4.933813000000001,12880.90975478803,Laptop,TCP,6001
99,72.66666666666667,3.771236166328254,0.050171408163265305,0.03393892577907492,4.916798,11705.17885827321,Laptop,TCP,6001
95,71.34736842105264,2.993918119516831,0.052504914893617034,0.03261222777682103,4.935462000000001,10986.61077726867,Laptop,TCP,6001
117,74.85470085470085,3.907619025567056,0.04204281034482755,0.033090249139576686,4.876965999999996,14366.308889584234,Laptop,TCP,6001
93,71.29032258064517,2.942388193804227,0.05365964130434774,0.02998766909863448,4.936686999999992,10744.047576846595,Laptop,TCP,6001
93,75.0752688172043,6.2942823672866135,0.053667315217391307,0.0400080803414405,4.937393,11312.852754479945,Laptop,TCP,6001
16,70.0,0.0,0.04300920000000019,0.02126374609579917,0.6451380000000029,13888.501374899572,Laptop,TCP,6001
163,599.4478527607362,58.78745675802346,0.03085796296296297,0.04037518000095786,4.998990000000001,156367.58625242297,Laptop,TCP,6003
158,606.0,0.0,0.031797802547770704,0.03414723867648036,4.992255,153434.46999402074,Laptop,TCP,6003
147,606.0,0.0,0.033781397260273974,0.039031920222995134,4.932084,144493.88939847742,Laptop,TCP,6003
172,606.0,0.0,0.02886627485380118,0.03162602318489787,4.936133000000002,168928.9976586935,Laptop,TCP,6003
162,606.0,0.0,0.03067642236024845,0.033311752483335996,4.938904000000001,159018.2761195601,Laptop,TCP,6003
164,606.0,0.0,0.03010555214723927,0.033281009645446225,4.907205000000001,162021.35431472698,Laptop,TCP,6003
164,606.0,0.0,0.030162478527607388,0.031558890931109695,4.916484000000004,161715.5674665064,Laptop,TCP,6003
136,606.0,0.0,0.03680004444444441,0.03873554651008632,4.9680059999999955,132714.8155618171,Laptop,TCP,6003
163,606.0,0.0,0.030863277777777774,0.033156987151892525,4.999851,158049.5098753943,Laptop,TCP,6003
173,606.0,0.0,0.028393726744186013,0.030633787270145867,4.883720999999994,171734.62611807697,Laptop,TCP,6003
163,606.0,0.0,0.03031197530864196,0.0321620072491705,4.9105399999999975,160924.0531591231,Laptop,TCP,6003
172,606.0,0.0,0.029086695906432695,0.032303888325351734,4.973824999999991,167648.8416862277,Laptop,TCP,6003
169,606.0,0.0,0.029320809523809492,0.03224542711616852,4.9258959999999945,166327.50671146953,Laptop,TCP,6003
167,606.0,0.0,0.029701204819277058,0.0324236395466652,4.930399999999992,164208.98912867138,Laptop,TCP,6003
171,606.0,0.0,0.029115794117647073,0.032387140957102316,4.949685000000002,167487.02190139366,Laptop,TCP,6003
163,606.0,0.0,0.030446080246913587,0.03144598242567323,4.932265000000001,160215.2357993741,Laptop,TCP,6003
151,606.0,0.0,0.03306684666666664,0.03770302260133097,4.960026999999997,147589.51916995624,Laptop,TCP,6003
166,606.0,0.0,0.029659757575757513,0.032561820904736874,4.893859999999989,164444.42628109545,Laptop,TCP,6003
167,606.0,0.0,0.029763560240963806,0.03215168172772791,4.940750999999992,163864.96708698766,Laptop,TCP,6003
171,606.0,0.0,0.029270752941176467,0.03265338045535957,4.9760279999999995,166600.34871186418,Laptop,TCP,6003
166,606.0,0.0,0.029852793939393895,0.03237424221806518,4.925710999999993,163381.08346185987,Laptop,TCP,6003
168,606.0,0.0,0.02918712574850293,0.03240657063580405,4.874249999999989,167095.24542237303,Laptop,TCP,6003
151,606.0,0.0,0.033225113333333334,0.03826573569109208,4.983767,146886.4816513292,Laptop,TCP,6003
32,606.0,0.0,0.018498709677419265,0.02128561745555161,0.5734599999999972,270526.27907787944,Laptop,TCP,6003
95,72.56842105263158,4.221879430772252,0.05318015957446809,0.043048370344102936,4.998935,11032.749975744833,Laptop,TCP,6003
96,74.25,6.628536791781426,0.052522873684210526,0.036667812974336085,4.989673,11428.404226088564,Laptop,TCP,6003
104,79.07692307692308,8.879202480312662,0.04784392233009708,0.03966604265828293,4.927923999999999,13350.855248579323,Laptop,TCP,6003
98,72.53061224489795,4.928476358570966,0.05088504123711341,0.03367977839108389,4.935849000000001,11520.611752912211,Laptop,TCP,6003
113,76.23008849557522,6.27258235280331,0.044097767857142846,0.03477350447281834,4.938949999999998,13952.763239150026,Laptop,TCP,6003
90,71.33333333333333,2.98142396999972,0.05508712359550563,0.03813929731440295,4.902754000000002,10475.744856870237,Laptop,TCP,6003
119,76.92436974789916,6.873600286989587,0.04166503389830503,0.03398624618894834,4.916473999999994,14895.227758755582,Laptop,TCP,6003
89,74.58426966292134,5.610601899982826,0.0564037159090909,0.03866823909258797,4.963526999999999,10698.843785880486,Laptop,TCP,6003
88,71.18181818181819,2.838635453817454,0.056483563218390834,0.03819077955602077,4.914070000000002,10197.65693203393,Laptop,TCP,6003
111,75.47747747747748,7.040227840865275,0.044353236363636354,0.031756721790663876,4.878855999999999,13737.646694225043,Laptop,TCP,6003
107,73.81308411214954,3.995630419704639,0.04627286792452831,0.03673364502717567,4.904924000000001,12881.749034235798,Laptop,TCP,6003
112,73.64285714285714,3.9840242192526687,0.044790108108108115,0.03474596590061514,4.9717020000000005,13271.913722906158,Laptop,TCP,6003
111,74.54054054054055,5.219132826012735,0.044738309090909145,0.03497478477410978,4.921214000000006,13450.339692604288,Laptop,TCP,6003
109,73.74311926605505,3.991743013838429,0.04562638888888889,0.034121107233357074,4.92765,13049.628118880197,Laptop,TCP,6003
111,73.67567567567568,3.986830035586113,0.04497907272727275,0.03416497400441017,4.947698000000003,13223.119115192554,Laptop,TCP,6003
98,72.6938775510204,3.78074650674593,0.05011037113402055,0.037969798448137256,4.860705999999993,11725.045703237365,Laptop,TCP,6003
102,75.72549019607843,6.3742079288718,0.04908214851485145,0.03877870790038689,4.957296999999997,12464.857360775446,Laptop,TCP,6003
91,71.31868131868131,2.968253717122484,0.05514018888888883,0.030231726538298982,4.9626169999999945,10462.22184786778,Laptop,TCP,6003
117,76.22222222222223,6.108857393283295,0.04191693965517239,0.03394829319138714,4.862364999999997,14672.695283056712,Laptop,TCP,6003
103,72.48543689320388,3.70217484669918,0.048765352941176406,0.035107014197948434,4.974065999999993,12007.882484872553,Laptop,TCP,6003
99,72.58585858585859,3.741684655447345,0.050213224489795906,0.03419623200615737,4.920895999999999,11682.425314414288,Laptop,TCP,6003
93,71.3763440860215,3.019342584909117,0.05298481521739139,0.030498526876017507,4.874603000000008,10894.015369046447,Laptop,TCP,6003
93,75.59139784946237,7.9382516955246984,0.05414324999999997,0.038507893141654786,4.981178999999997,11290.499698966856,Laptop,TCP,6003
16,70.0,0.0,0.038091866666666384,0.021407061874893704,0.5713779999999957,15681.387802820667,Laptop,TCP,6003
133,246.0,0.0,0.015201818181818176,0.02947331498661584,2.006639999999999,130438.94271020219,Assistant,UDP,4001
242,246.0,0.0,0.014272278008298786,0.027396850239378087,3.4396190000000075,138461.8470824818,Assistant,UDP,4001
281,246.0,0.0,0.014139853571428577,0.02758515161090139,3.9591590000000014,139678.14881897892,Assistant,UDP,4000
27,246.0,0.0,0.014490692307692399,0.02871217913489865,0.37675800000000237,141034.82872294594,Assistant,UDP,4000
288,246.0,0.0,0.01700069686411149,0.061575008012369765,4.879199999999997,116163.30545991153,Assistant,UDP,4000
50,246.0,0.0,0.012970244897959058,0.02405373389957248,0.6355419999999938,154828.47711087693,Assistant,UDP,4000
1,96.0,0.0,0.0,0.0,0.0,0.0,Thermo,UDP,2005
1,96.0,0.0,0.0,0.0,0.0,0.0,Thermo,UDP,2005
1,96.0,0.0,0.0,0.0,0.0,0.0,Thermo,UDP,2002
1,96.0,0.0,0.0,0.0,0.0,0.0,Thermo,UDP,2002
1,96.0,0.0,0.0,0.0,0.0,0.0,Thermo,UDP,2002
159,246.0,0.0,0.014690664556962016,0.02776411971847669,2.3211249999999986,134810.49060261736,Assistant,UDP,4002
170,246.0,0.0,0.014348408284023664,0.027646187652351984,2.424880999999999,137969.6570677077,Assistant,UDP,4002
23,246.0,0.0,0.015678181818181904,0.027500028498557105,0.3449200000000019,131230.4302446937,Assistant,UDP,4002
1,96.0,0.0,0.0,0.0,0.0,0.0,Thermo,UDP,2001
1,96.0,0.0,0.0,0.0,0.0,0.0,Thermo,UDP,2001
1,96.0,0.0,0.0,0.0,0.0,0.0,Thermo,UDP,2001
1,96.0,0.0,0.0,0.0,0.0,0.0,Thermo,UDP,2000
1,96.0,0.0,0.0,0.0,0.0,0.0,Thermo,UDP,2000
1,96.0,0.0,0.0,0.0,0.0,0.0,Thermo,UDP,2000
1,96.0,0.0,0.0,0.0,0.0,0.0,Thermo,UDP,2006
1,96.0,0.0,0.0,0.0,0.0,0.0,Thermo,UDP,2006
1,96.0,0.0,0.0,0.0,0.0,0.0,Thermo,UDP,2011
1,96.0,0.0,0.0,0.0,0.0,0.0,Thermo,UDP,2011
1,96.0,0.0,0.0,0.0,0.0,0.0,Thermo,UDP,2011
1,96.0,0.0,0.0,0.0,0.0,0.0,Thermo,UDP,2010
1,96.0,0.0,0.0,0.0,0.0,0.0,Thermo,UDP,2010
1,96.0,0.0,0.0,0.0,0.0,0.0,Thermo,UDP,2010
1,96.0,0.0,0.0,0.0,0.0,0.0,Thermo,UDP,2003
1,96.0,0.0,0.0,0.0,0.0,0.0,Thermo,UDP,2003
1,96.0,0.0,0.0,0.0,0.0,0.0,Thermo,UDP,2003
1,96.0,0.0,0.0,0.0,0.0,0.0,Thermo,UDP,2007
1,96.0,0.0,0.0,0.0,0.0,0.0,Thermo,UDP,2007
1,96.0,0.0,0.0,0.0,0.0,0.0,Thermo,UDP,2007
1,96.0,0.0,0.0,0.0,0.0,0.0,Thermo,UDP,2009
1,96.0,0.0,0.0,0.0,0.0,0.0,Thermo,UDP,2009
1,96.0,0.0,0.0,0.0,0.0,0.0,Thermo,UDP,2004
1,96.0,0.0,0.0,0.0,0.0,0.0,Thermo,UDP,2004
1,96.0,0.0,0.0,0.0,0.0,0.0,Thermo,UDP,2004
1,96.0,0.0,0.0,0.0,0.0,0.0,Thermo,UDP,2008
1,96.0,0.0,0.0,0.0,0.0,0.0,Thermo,UDP,2008
